Название,Белки на 100гр,Жиры на 100гр,Калории на 100гр,Углеводы на 100гр
Стейк топ блейд,,,,
Салат ранчо,,,,
Салат куриный барбекю,,,,
Салат куриный барбекю кейджин,,,,
Луковые кольца кейджин,,,,
Криспи чикен паста,,,,
Чесночный хлеб,,,,
Пеперкорн стейк,,,,
Ребрышки Fridays BBQ,,,,
Ребрышки Fridays BBQ Glazed Ribs,,,,
Ребрышки Fridays Теннесси,,,,
Ребрышки Fridays Теннесси Glazed Ribs,,,,
Куриная стружка теннесси,,,,
Куриные пальчики в панировке класические,,,,
Куриные пальчики в панировке кейджин,,,,
Крылышки теннесси,,,,
Крылышки баффало,,,,
Кесадилья с курицей и пармезаном,,,,
Салат прованс,,,,
Салат цезарь,,,,
Салат цезарь с курицей,,,,
Салат цезарь с креветками,,,,
Салат цезарь с красной рыбой,,,,
Картофель фри,,,,
Запеченные овощи с фреголой и соусом песто,,,,
Грудка цыпленка с овощами,,,,
Стейк из лосося с печеными овощами,,,,
Куриная печень,,,,
Буррата с карпаччо из томатов,,,,
Буррата аль форна,,,,
Спагети с грибами и ветчиной,,,,
Мясная лазанья,,,,
Спагети нери с дарами моря из печи,,,,
Паппарделле с говядиной из печи,,,,
Фритатта с пармезаном и томатами,,,,
Медальоны аль базилико,,,,
Кальмар в сливочно трюфельном соусе,,,,
Скалопини из курицы,,,,
Ризотто томатное  с морепродуктами,,,,
Cалат теплый с мраморной говядиной,,,,
Стейк из мраморной говядины с овощами гриль,,,,
Спагетти карбонара,,,,
Фетучини с цыпленком и песто,,,,
Пенне дель фатторе,,,,
Спагети болоньезе,,,,
"Пицца капрезс ",,,,
Пицца капричоза,,,,
Пицца с лососем и молекряной игрой,,,,
Пицца с мраморной говядиной,,,,
Пицца маргарита,,,,
Пицца пепперони,,,,
Пицца примавера,,,,
Пицца барбекю,,,,
Пицца дьявола,,,,
Пицца фретти ди маре,,,,
Пицца il Патио,,,,
Пицца Милано,,,,
Пицца Ветчина и грибы,,,,
Пицца Фрутти ди маре,,,,
Пицца аль сальмоне,,,,
Пицца кватро формаджи,,,,
Пицца мясная с луком бальзамик,,,,
Пицца асорти grande,,,,
Пицца с морепродуктами,,,,
Пицца барбекю и кола,,,,
Салат тосканский панцанелла,,,,
Салат греческий,,,,
Рукола с креветками,,,,
Салат с тунцом Ницца,,,,
Салат цезарь с куриной грудкой,,,,
Салат цезарь с куриной креветками,,,,
Салат с лососем и творожно трюфельным сыром,,,,
Салат с уткой виноградом и манговым соусом,,,,
Печеные перцы с брынзой и фисташками,,,,
Баклажаны пармиджано,,,,
Омлет il Патио,,,,
Бриошь с лососем и яйцом пашот,,,,
Шакшука в деревенском хлебе,,,,
Скрембл с креветками и тартаром из томатов,,,,
Брускетта с запеченным перцем,,,,
Брускетта с салями Милано,,,,
Брускетта с лососем,,,,
Брускетта с ростфифом,,,,
Ассорти антипасти,,,,
Панакота,,,,
Чизкейк,,,,
Яблочный пирог,,,,
Медовик,,,,
Гляссе,,,,
Овощи гриль,,,,
"Куриный бульон с равиоли и овощами ",,,,
Минестроне,,,,
Новый очаг,,,,
Чесночный хлеб,,,,
Итальянский хлеб,,,,
Сырный суп в хлебе,,,,
Спагетти с грибами и ветчиной,,,,
Спагетти с тунцом и вялеными томатами,,,,
Каннеллони с морепродуктами,,,,
Ризотто с кроликом и тыквой,,,,
Фрегола с моцареллой,,,,
Моцарелла аль форна,,,,
Мидии горонзола,,,,
Ассорти морепродуктов,,,,
Вителло тонато,,,,
Дорадо с лимоном и томатами,,,,
Тирамису по домашнему,,,,
"Тирамису апельсиновый ",,,,
Сырники с вишней,,,,
Паста пенне арабьята,,,,
"Спагетти Паста il Патио  ",,,,
Овощи гриль,,,,
Пюре с сыром,,,,
Паста кейджин с креветками и курицей,,,,
Фахита с куриным филе,,,,
Фахита с мраморной говядиной,,,,
Бефстроганов,,,,
Курица Fridays Теннесси,,,,
Лосось в глузури теннесси,,,,
Бифштекс,,,,
Чизбугер,,,,
Чизбугер с беконом,,,,
Бургер блю чиз с беконом,,,,
Камамбер бургер,,,,
Теннесси бургер,,,,
Барбекю бургер,,,,
Классик брекфаст,,,,
Глазунья с авокадо,,,,
Клаб сэндвич,,,,
Босс платтер,,,,
Теннесси самплер,,,,
Тройной чикен самплер,,,,
Креветки,,,,
Кольца кальмара,,,,
Жареный сыр,,,,
Суп дня,,,,
Суп чаудер,,,,
Жаренный рис с креветками,,,,
Лапша по-сингапурски с курицей и креветками,,,,
Треска со шпинатом в сливках,,,,
Плов с говядиной,,,,
Бефстроганов с пюре,,,,
Флап стейк,,,,
Шаурма в лаваше,,,,
Лосось с пряной морковью,,,,
Карбонара,,,,
Шницель куриный,,,,
Бургер и картофель фри,,,,
Чахохбили из курицы,,,,
Лапша удон курицей и овощами,,,,
Хачапури по-аджарски,,,,
Пирог с мясом,,,,
Спринг ролл с говядиной 2шт,,,,
Спринг ролл с курицей 2ш,,,,
Спринг ролл с креветкой 2ш,,,,
Спринг ролл с овощной 2ш,,,,
Римская пицца 4 сыра,,,,
Римская пицца Маргарита,,,,
Римская пицца Пепперони,,,,
Римская пицца Цезарь,,,,
Римская пицца ветчина и томаты,,,,
Салат баклажанами и томатами,,,,
Салат греческий,,,,
Салат Цезарь с курицей и пормизаном,,,,
Салат Оливье с говядиной,,,,
Суп харчо с говядиной,,,,
Борщ с телятиной,,,,
Суп куриный с фрикадельками,,,,
Том ям,,,,
Поке с лососем,,,,
Поке с креветкой,,,,
Дзадзики / Цацики,,,,
Шашлык из свинины с болгарским перцем,,,,
Гедза с креветкой 3шт,,,,
Гедза с курицей 3шт,,,,
Курица гунбао в пикантном соусе,,,,
Говядина в перечном соусе,,,,
Лосось с пряной морковью,,,,
Филе дорадо,,,,
Форель,,,,
Лепешка Роти с креветками,,,,
Лепешка Роти с говядиной,,,,
Спагетти Болонезе,,,,
Паста аль Помодоро,,,,
Лобио,,,,
Битые огурцы /кешью,,,,
Хумус,,,,
Попкорн из криветок и кисло сладкий соус,,,,
Димсам с говядиной,,,,
Лепешка с говяжим варшем,,,,
Зеленый салат с авокадо,,,,
Салат тайский,,,,
Овощи гриль,,,,
Лахмаджун с ягненком,,,,
Курица Кацу,,,,
Мапо тофу с говядиной,,,,
Щечки говяжьи,,,,
Рыба тартар,2.5,26,300,14
Индейка в имбирно-апельсиновом соусе,,,,
Шашлык свиной грузинский,,,,
Куриные стрипсы,,,,
Стейк из свинины на косточке,,,,
Котлета светлогорская,,,,
Картофельный драник,,,,
Котлета подмосковная,,,,
Говяжьи щеки в перечном соусе,,,,
Колбаска улитка,,,,
Колбаска гриль с сыром,,,,
Колбаска Мюнхенская,12,28,310,2
Салат Рулетики из ветчины с сыром и орехами,,,,
Сырные палочки 6шт,,,,
Шницель Куриный,27,17,312,15
Кокорито куриный оладушек,20,28,367,10
Запеканка с черникой и смородиной,12,6,180,20
Куриная грудка с жар грибами и ветчиной,14,14,205,6
Сырник за 1шт,21.4,25.7,457,35.7
Котлета Пожарская,18,34,490,28
Котлета куриная Колобок с грибами,14,13,215,10
Куриные крылья,22,13,220,4
Язык говяжий отварной,24,15,231,2.7
Шашлык из курицы,19,21,310,9.5
Мясо по-француски,,,,
Котлета мясная с томатным соусом,,,,
Фрикадельки по домашнему,,,,
Кебаб с яйцом,18.5,17,240,1.2
Жульен грибной,6,13,188,13
====Суп============,,,,
Суп гороховый,,,,
Борщ,4,2.5,85,12
Лапша куриная суп,,,,
Окрошка на квасе,,,,
Щи белые,,,,
Картофель жареный с грибами,,,,
====Салаты============,,,,
Салат оливье,6.5,21,250,8
Гренки с чесноком,,,,
Салат овощной,,,,
Салат Цезарь,,,,
Салат куриный сытный,,,,
Салат мясной Му-Му,,,,
Салат греческий,,,,
Салат с зленым горошком,,,,
Салат с фунчозой и овощами,,,,
Салат капустный с редимос,,,,
Салата Грузинский,,,,
Салат Фета со свежими овощами и оливками,,,,
Салат Печеные овощи с мягким сыром,,,,
Салат с томатами и фетой,,,,
Салат Битые огруцы,,,,
Салат с крабом,,,,
====Пироженные к чаю==========,,,,
Краффин с апельсиновым соусом,,,,
Берлинское печенье,,,,
Печенье овсяное Кукис,,,,
Печенье кукис с шоколадом,,,,
Маффин шоколадный,,,,
Пирожок с мясом,,,,
Пирожок с яблоком и черной смородиной,,,,
Пирожок с капустой,9.2,17.4,444,62.8
Блинчик с мясом,,,,
Блинчик с ягодами,,,,
Блинчик с яблоком и брусникой,,,,
Блинчик фри пина-коладо,,,,
Пирожное вупи ке,,,,
Пирожное манго,,,,
Торт медовичок,,,,
Мусс ягодный,,,,
Торт красный бархат,,,,
Пирожное картошка,,,,
Печенье берлинское,,,,
Краффин с апельсиновым кремом,,,,
Овсяное печенье кукие,,,,
Сочник,,,,
Торт чизкейк,,,,
Торт шоколадный,,,,
Торт наполеон,,,,
Мороженое Вологодский в ассортименте,,,,
Мороженое Шербет с черной смородиной,,,,
Арахис,,,,
Фисташки,,,,
"Сникерс, твикс на кассе",,,,
Чипсы Lays на кассе,,,,
====Нету или не будет============,,,,
Чахобили,,,,
Капуста тушеная с колбасками,,,,
Куриная грудка гриль,,,,
Колбаска Баварская,,,,
Колбаска Пряная,,,,
Свиная рулька барбекю,,,,
Свиные ребра барбекю,,,,
Рыбная котлета с крабом луком и яйцом,,,,
"Пирог пастуший ",,,,
Якитория из бедра цыпленка,16,12,195,4
Котлета с начинкой из Тамб. окорока,,,,
Зраза картофельная с грибами,,,,
Салат Кальмаровый,,,,
Салат баклажаны по азиатски,,,,
Салат Нисуаз,,,,
Салат свекольный,,,,
Салат Рулет крабовый,,,,
Медальон из вырезки в беконе,,,,
Баварская колбаска,,,,
Пряная колбаска,,,,
Ёжик с томатным соусом,,,,
Голубец в южном соусе,,,,
Ушки с сыром,,,,
Котлета рыбная царская,,,,
Котлеты куриная паровая,,,,
Курица по строгановски,,,,
Буженина в медово-горчичном соусе,,,,
Чахохбили,,,,
Наггетсы из цветной купусты,,,,
Капуста тушеная с колбасками,,,,
Идейка в брусничном соусе,,,,
Азу из говядины,,,,
Перец фаршированный,,,,
Жареные пельмини,,,,
Жареная говядина,,,,
Стейк из красной рыбы,,,,
Кефте из курицы в соусе терияки,,,,
Говядина по рожденствнский,,,,
Wok Лапша с цыпленком в соусе тияки,,,,
Цыпленок по-пекински в соусе унаги,,,,
Wok Цыпленок в кисло сладном соусе с овощами,,,,
Плов чайханский ( с бараниной),,,,
Чесночные гренки,,,,
Куриные крылья,,,,
Сырники из домашнего творога,,,,
Котлеты из мраморной говядины с пюре,,,,
Карбонара,,,,
Спагетти болоньезе,,,,
Бургер Virgin,,,,
Вери гуд бургер,,,,
Royal Burger,,,,
Italiano Burger,,,,
Салат Цезарь,,,,
Салат с Тигровыми креветками,,,,
Салат Ташкент,,,,
Бесфтроганов с грибами,,,,
Стейк лосось с овощами,,,,
Стейк из индейки,,,,
Овощи гриль,,,,
Говядина по строгансвки,,,,
Говядина по уйгурски,,,,
Бифштекс натуральный рубленный с яйцом и пюре,,,,
Котлеты из индейки с картофелем,,,,
Джек дениелс бургер,,,,
Фокачча с пармезаном,,,,
Фокачча с морской солью и розмарином,,,,
Борщ,,,,
Крем суп грибной,,,,
Том-ям с цыпленком,,,,
Том-ям с креветками,,,,
Комбо Роял бурге с картофилем фри и напитком,,,,
Пицца диабло,,,,
Пицца с окороком и грабами / c ветчиной из индейки и грибами,,,,
Пица мясной мега mix,,,,
Пицца bizanca quntro...,,,,
Медовик,,,,
Яблочный штрудель с мороженным,,,,
Пирожное манго-маракуйя,,,,
Фетучини с лососем,,,,
Говядина с овощами в томатном соусе,,,,
Верджин бургер,,,,
Чебурек с картофелем,,,,
Чебурек с говядиной,,,,
Плов с говядиной,,,,
Плов с курицей,,,,
Шаверма питерская (больше мяса без капусты),,,,
Шаурма куриная стандартная,,,,
Шаурма от Шефа Микс,,,,
Шаверма от Шефа с говяжей вырезкой,,,,
Шуаурма императорская XL,,,,
Комбо: Шурма + картофель фри + Лимонад + соус,,,,
Комбо: Шурма + Лимонад,,,,
Картофель фри отдельно,,,,
Куриный шницель,,,,
Салат картофельный,,,,
Треска в томатном соусе,,,,
Куриные котлеты со сливочным соусом,,,,
Стейк тунца с овощной сальсой,,,,
Говядина в соусе Демигласс с картофельным пюре,,,,
Бефстроганов с картофельным пюре,,,,
Рол Цезарь,,,,
Клаб-сэндвич с курицей,,,,
Фирменные Сырники,,,,
Шницель растительный,,,,
Бифштекс,,,,
Запеканка творожная,,,,
Сырники из рикоты,,,,
Блинчики с сыром и ветчиной,,,,
Блинчики с маком,,,,
Панкейки с рикоттой,,,,
"Оладьи с бананом, клубникой и сгущенным молоком",,,,
Рол с ветчиной и яйцом,,,,
Ролл Филадельфия,,,,
Баварский бургер,,,,
Паста Альфредо с курицей,,,,
Паста Карбонара,,,,
Мясная лазанья,,,,
Паста с грибами,,,,
Спагетти с морепродуктами,,,,
Паровые котлеты из курицы и индейки,,,,
Куриная грудка,,,,
Бефстроганов с грибами и гарниром,,,,
"Треска со сливочно-шпинатным соусом и гарниром ",,,,
Пицца маргарита,,,,
Пицца ветчина и грибы,,,,
Пицца пепперони,,,,
Котлеты из индейки,,,,
Биф-бургер,,,,
Двойной чизбергер,,,,
Паста фетучини с курицей и шпинатом,,,,
Спагетти карбонара,,,,
Крылья BBQ,,,,
Гренки чесночные,,,,
Арахис,,,,
Фисташки,,,,
Чипсы,,,,
Бифштекс с яйцом,,,,
Картофель фри,,,,
Сэндвич с моцареллой,,,,
Сэндвич с индейкой и беконом,,,,
Жареные пельмени с говядиной,,,,
https://rostics.ru/product/5575,,,,
Картофель Фри Стандартный,,,,
Шефбургер оригинальный,,,,
Маэстро Бургер Де Люкс Оригинальный,,,,
Наггетсы 18шт,,,,
Байтсы большие,,,,
Хачапури по-аджарски,,,,
Люлякебаб из индейки,,,,
Люлякебаб из баранины и свинины,,,,
Шашлык из курицы,,,,
Оджахури со свидиной,,,,
Кесадилья с говядиной,,,,
Контейнер 1шт,,,,
Комбо завтрак 1,,,,
Комбо завтрак 2,,,,
Шакшука,,,,
Запеканка творожная с изюмом,12,8,180,15
Сырник 1шт,,,,
Салат цезарь с курицей,,,,
Салат греческий,,,,
Салат оливье,,,,
Мясо по французски,,,,
Стейк из форели на гриле,,,,
Борщ Московский,,,,
Суп лапша Куриная,,,,
Солянка мясная сборная,,,,
Крем овсяный с ягодным соусом,,,,
Штрудель яблочный,,,,
Дорадо жареная,,,,
Треска запеченная с помидором и сыром,14,4,100,2
Котлета куриная,,,,
Котлета по киевски с грибами,,,,
Плов из курицы,9,6,150,15
Утиная ножка запеченая,15,12,250,6
Цыпленок жаренный по домашнему,,,,
Шашлык из курицы,,,,
Креветки жаренные,,,,
Крылья куриные,,,,
Пирожок с курицей,15.3,12.6,249,16.7
Колбаска улитка,14,27.3,303,0.4
Тефтель куриная в сливочном соусе с грибами,12,8,140,5
Говядина по еврейски с черносливом,15,10,175,8
Шейка свиная запеченая,15,25,300,1
Биточки говяжьи в сливочном шпинатном соусе,,,,
Коласка пряная с сыром,,,,
Запеканка с красной рыбой,,,,
Запеканка с броколли,,,,
Ребра свиные запеченные,,,,
Колбаска чоризо,,,,
Бычьи щеки под соусом брион,,,,
Яблочный пирог,,,,
Брауни обсешн,,,,
Fridays санде,,,,
Маффин,,,,
Сырники 3шт (вроде),,,,
Стейк Нью-йорк стрим prime,,,,
Куриная стружка баффало,,,,
Большое комбо,,,,
Блин Мега гриль,,,,
Блин Дубайский шоколад,6.5,25,410,40
Блин Биф бекон,6,7.7,187,23.5
Блин Жюльен жульен,6.8,9,185,19.1
Блин Биф Босс,3.9,7.8,201,28.9
Блин Илья Муромец,5.8,5.8,144,17
Блин Чикен Хит,5.3,7.5,176,21.8
Блин Чикен Трюфель,5.3,7.5,176,21.8
Блин Манго и абрикос,3.9,8.2,224,33.5
Блин шашлык,3.8,5.5,148,20.7
Блин шашлык XXL,3.8,5.5,148,20.7
Блин Космос,4.7,8.1,165,18.4
Блин Шаверма,5.2,4.8,134,17.4
Блин Охотничьи колбаски,6,11.2,202,19.3
Блин с ветчиной и сыром,7.8,9.1,186,18.3
Блин грибы и сыр,5.2,7.9,168,19
Блин 4 сыра,6.9,11.5,212,20.1
Блин картофель с грибами,3.3,7,168,23
Блин сырный с припеком,4.3,9.9,201,23.6
Блин Чизи Лосось,6.4,9.3,191,20.5
Блин Чизи Бекон,,,,
Блин клубничный тирамису,3.2,8.2,211,31.2
Блин сочная клубника,3.2,7.4,208,32.3
Блин вишневый штрудель,3,8,192,26.9
Блин творог и клубника,3.9,9.1,224,31.8
Творожок из дет меню,,,,
Блин Нутелла и банан,4.5,12,260,35
Блин спелая вишня,3.1,6.1,186,29.6
Блин с нутеллой,4.3,11.7,254,32.8
Блин со сметаной и сахаром,3.4,8.7,193,25.2
Блин с маслом,,,,
Сырники 2шт,18.6,3.6,180,18.2
Сырники 3шт,18.6,3.6,180,18.2
Креветки темпура 5шт,9,0.5,137,24
Креветки темпура 9шт,9,0.5,137,24
Нагетсы 5шт,13.1,12.5,225,15.1
Нагетсы 10шт,13.1,12.5,225,15.1
Суп лапша куриная с зеленью,,,,
Суп гороховый с копченостями,4,1.8,75,10.6
Борщ с клюквой,,,,
Салат фреш,,,,
Сок IL primo,,,,
Блин лесная малина,,,,
Блин малиновый чизкейк,,,,
Блин с твором и малиной,,,,
Блин с красной рыбой и сырным соусом,6.2,10.5,201,20.6
Блин с капустой,,,,
Блин Курица под яблочным соусом,,,,
Блин Баварский Биф,,,,
Блин Чикаго Стайл,8.1,7.1,180,20.9
Брауни соленая карамель,,,,
Салат цезарь с курицей,,,,
Маффин ванильный с черной смородиной,,,,
Маффин шоколадный,,,,
Печенье американер класический,,,,
Печенье американер шоколадный,,,,
Котлета по киевски,13.3,13.2,239,16.6
Сырники,,,,
Блинчики,,,,
Блинчики с творогом,,,,
Блинчики с мясом,,,,
Сэндвич с лососем,,,,
Сэндвич с индейкой и беконом,,,,
Итальянский сэндвич,,,,
Круассан с ветчиной и сыром,,,,
Ролл с курицей,,,,
Борщ,,,,
Суп с куриный лапшой,,,,
Тарталетка с голубикой,,,,
Торт Москва,,,,
Круассан с шоколадом,,,,
Круассан,,,,
Фисташковый галстук,,,,
Пирожное крем-шоколад со свежими ягодами,,,,
Черный лес,,,,
Яблочный пирог,,,,
Донат,,,,
Чизкейк Сан Себастьян,,,,
Овсяное печенье,,,,
Тарталетка орехи-карамель,,,,
Сникерс,,,,
Марс,,,,
M&Ms,,,,
Батончик кокос-соленая карамель,,,,
Батончик миндаль кешью манго,,,,
Киндер делис,,,,
Арахис,,,,
Фисташки,,,,
Мафин шоколадный,,,,
Курасан,,,,
Чипсы Delicados,,,,
Чипсы Lays,,,,
Колбаски куриные,,,,
Гренки чесночные,,,,
Клюквенный морс,,,,
,,,,
Апельсиновый фреш,,,,
,,,,
Паста «Карбонара»,,,,
Паста «Альфредо» с курицей,,,,
Вареники с картофелем и грибами,,,,
Запеченная куриная грудка,,,,
Паста с копчёным лососем,,,,
Пельмени с говядиной и зеленью,,,,
Морепродукты в сливочном соусе,,,,
Паста «Помодоро»,,,,
Бифштекс с яйцом пашот,,,,
Стейк из лосося,,,,
Стейк из индейки су-вид,,,,
Паста с морепродуктами,,,,
Стейк из тунца,,,,
"Говядина в соусе «Демиглас» с
  картофельным пюре",,,,
Кабачки гриль,,,,
Салат «Цезарь» с курицей,,,,
Салат «Греческий»,,,,
Винегрет с опятами,,,,
Фруктовый салат,,,,
Салат со страчателлой и персиковым чатни,,,,
Салат «Цезарь» с креветками,,,,
Салат «Пять зелёных овощей»,,,,
Салат с хумусом и артишоками,,,,
Салат «Баварский»,,,,
Салат с морепродуктами,,,,
Салат «Кобб»,,,,
Теплый салат с ростбифом,,,,
Салат «Нисуаз»,,,,
Буррата с томатами,,,,
Брусочки яблоко-морковь,,,,
Брусочки морковные,,,,
Ассорти сыров,,,,
Мясное ассорти,,,,
"Драники картофельные с говяжьими
  колбасками",,,,
Сырники с яблочной начинкой,,,,
Английский завтрак,,,,
Континентальный завтрак,,,,
Бриошь с беконом,,,,
Бриошь с лососем,,,,
Драники с лососем,,,,
"Омлет с сыром, томатами, ветчиной и
  беконом",,,,
Каша овсяная с беконом и яйцом пашот,,,,
"Скрэмбл с беконом, пармезаном и томатами",,,,
Картофельная вафля с беконом,,,,
Картофельная вафля с лососем,,,,
Шакшука,,,,
Завтрак с индейкой,,,,
Завтрак с креветками,,,,
Омлет с овощами,,,,
Блинчики домашние,,,,
Гречневые блинчики,,,,
Гречневые блинчики с курицей и грибами,,,,
Блинчики «Легендарные» с шоколадом,,,,
Блины с творогом и вишневым вареньем,,,,
"Блинчики со слабосолёным лососем и
  рикоттой",,,,
Стопка блинчиков домашних,,,,
Большая стопка блинчиков домашних,,,,
Большая порция блинчиков с маком,,,,
Большая порция сырников,,,,
Большая порция блинчиков с творогом,,,,
Большая порция блинов с сыром и ветчиной,,,,
Хот-дог с говяжьей колбаской,,,,
"Тапас с хумусом, артишоками и томатами
  черри",,,,
"Тапас со слабосоленым лососем и соусом
  чимичурри",,,,
Гриль-круассан «Пепперони»,,,,
"Пита «Том ям» с куриной грудкой и
  креветками",,,,
Брускетта с томатами и творожным сыром,,,,
Брускетта со страчателлой,,,,
Ассорти тапас,,,,
Круассан «Скандинавия»,,,,
Панини бургер с говяжьей котлетой,,,,
Круассан с ветчиной и сыром,,,,
Круассан «Дабл чиз»,,,,
"Бейгл с жареным беконом, свежим салатом и
  томатами",,,,
Ролл «Цезарь»,,,,
Бейгл с ветчиной и сыром,,,,
Горячие бутерброды с ветчиной и сыром,,,,
Горячие бутерброды с сыром,,,,
Паштет куриный с луковым конфитюром,,,,
Сэндвич «Пепперони»,,,,
Сэндвич с ветчиной и сыром,,,,
Сэндвич «Цезарь»,,,,
Круассан «Пепперони»,,,,
Брускетта с креветками и авокадо,,,,
Куриный суп,,,,
Борщ с говядиной,,,,
Гороховый суп с копченостями,,,,
Тыквенный крем-суп,,,,
Крем-суп с шампиньонами,,,,
Куриный бульон с яйцом,,,,
Том ям с креветками,,,,
Пицца «Маргарита»,,,,
Пицца «Пепперони»,,,,
Пицца «Четыре сыра»,,,,
Пицца «Ветчина и грибы»,,,,
Пицца «Курица и грибы»,,,,
Пицца «Карбонара»,,,,
Пицца «Жюльен»,,,,
Имбирный пряник,,,,
Морковный торт с амарантом,,,,
Торт «Опера»,,,,
«Медовик»,,,,
«Сникерс»,,,,
Торт «Кристалл»,,,,
«Шоколадный десерт»,,,,
Круассан классический,,,,
Круассан с вишневым вареньем и крем-чиз,,,,
«Наполеон»,,,,
Яблочный пирог,,,,
Миндальный круассан,,,,
Круассан с нутеллой,,,,
Торт «Москва»,,,,
«Манго»,,,,
«Тирамису»,,,,
Чизкейк «Нью-Йорк»,,,,
Фисташковый рулет с малиной,,,,
Кофейный чизкейк,,,,
Тарталетка с клубникой,,,,
Панна-котта,,,,
Пирожное «Тутти-фрутти»,,,,
Флэт-круассан с шоколадом,,,,
Гриль-круассан с ветчиной и сыром,,,,
Пита «Том ям» с куриной грудкой и креветками,,,,
Клюквенный морс,,,,
Ferrero Rocher,,,,
Флэт-круассан с малиной,,,,
Флэт-круассан с фисташкой,,,,
Маффин в ассортименте,,,,
Печенье шоколадное,,,,
Печенье злаковое,,,,
Kinder Сюрприз,,,,
Kinder Bueno,,,,
Raffaello,,,,
Tic Tac,,,,
Набор пирожных классика,,,,
Омлет с куриными мини-сосисками,,,,
"Оладьи с бананом, клубникой и сгущенным
  молоком",,,,
"Блинчики с нутеллой, бананом и свежей
  клубникой",,,,
"Сырники с яблочной начинкой и свежими
  ягодами",,,,
"Блинчики с творогом, свежими ягодами и
  шоколадным соусом",,,,
Куриный супчик,,,,
Мини-пельмешки,,,,
Наггетсы,,,,
Шницель с овощными палочками,,,,
Детский бургер,,,,
Спагетти с куриными мини-сосисками,,,,
Куриные котлеты с овощными палочками,,,,
Овощной салат,,,,
Лимонад ягодный,,,,
Фреш в ассортименте,,,,
Орехи смесь ореховая,10,,12,
Смузи боул,,,,
Котлета из индейки,21,11,200,2
Колбаска свиная новая,,,,
Плов из курицы,,,,
Охотничьи котелты,,,,
Сарделька,,,,
Хинкали,,,,
Котлета куриная,,,,
Вок,,,,
Котлета по-киевски,,,,
Сырники,,,,
Блинчики с мясом,,,,
Ролл с курицей / цезарь,,,,
Хот дог,,,,
Шаурма с курицей,,,,
Шаурма с говядиной Delux,,,,
Оливье,,,,
Вафля бельгийская 2шт,,,,
Блинный торт с карамелью,,,,
Медовик,,,,
Тарталетка орехи-карамель,,,,
Тарталетка с голубикой,,,,
Тирамису,,,,
Яблочный пирог,,,,
Донат в ассортименте,,,,
Арахис,,,,
Миндаль,,,,
Фисташки,,,,
Колбаска говяжая,,,,
Маковый штрулель,,,,
Манты с бараниной,,,,
Куриная печень с картофелем,14,19,262,9
Тигровые креветки с чесноком и петрушкой,,,,
Гребешки с чесноком и петрушкой,16,34,382,5
Сырники из Рикотты со сметаной и вареньем,8,14,244,20
Пирог со свежей клебникой,,,,
Чизкейк Сан-Себастьян,5,24,307,18
Биг Хит 228гр,11.8,12.3,230,17.5
Чикен Премьер 234гр,11.1,13.7,255,21.4
Фиш Бургер 133гр,11.3,10.5,249,27.1
Малиновый мусс 100гр,2,13,229,25
Стрипсы 3шт,14,10,223,19
Пирожок вишеневый 80гр,3,15,363,53.8
Салат Цезарь 156гр,9.6,7.1,148,10.9
Нагетцы 9шт,15.3,12.6,249,16.7
Борщ с пастрами из говядины и копченой грушей,,,,
Крем-суп из спаржи,,,,
Морской еж,,,,
Устрица,,,,
Медовый сбитень,,,,
Морковный пирог кекс с грецким орехом и изюмом,3.5,15,320,33
Осьминог,31,10,230,3
Рыба Филе тунца обжаренное на гриле с соте из зеленых овощей,,,,
Запеканка на топленом твороге с изюмом,,,,
"Тартар из копченого угря, огурца и страчателлы ",10,9.5,190,16
Батат фри с пармезаном,5.5,13,330,48
Сметанник с хурмой,4.5,19,330,35
"Куриная грудка, брокколи и соус из петрушки",12,6,110,2
Ризотто с крабом,2,5,130,19
"Краб с запеченным баклажаном, йогуртом и соусом черный перец",,,,
Салат Цезарь с креветками и жареным сыром халуми,,,,
"Салат Цыпленок гриль, кускус, томаты, шпинат",,,,
Рыба Филе дорадо с орзо и песто,,,,
"Рыба  Треска, картофельное пюре, яйцо пашот ",,,,
Закуска Мясные деликатесы,,,,
Тальятелле с белыми грибами,,,,
Суп из лесных грибов с картофельными ньокками,,,,
Крем-суп из каштанов с гребешком и черным трюфелем,,,,
"Улитки по-лионски с чесночным багетом ",,,,
МОКТЕЙЛИ Имбирный с мятой и кафирским лаймом,,,,
Узвар Гвидон,,,,
Рататуй,,,,
Десерт три шоколада,,,,
Лосось с мандаринами и жареной брокколи,,,,
Черная треска с цитрусовым шардоне и кумкватом,,,,
Филе миньон со шпинатом и картофельным гратеном,,,,
"Паштет из утки с фуа-гра, каштановым медом и черным трюфелем",,,,
Карпаччо из лосося с щавелем и соусом из крапивы,,,,
Кокот из сморчков с крабом,,,,
Гребешок с земляникой и молодым миндалем,,,,
"Краб, авокадо и фруктовый бальзамик",,,,
Террин из фуа-гра с финиками и инжиром,,,,
ДЕСЕРТЫ Шу с облепихой и кремом «Патисьер»,,,,
Десерт Милфей Гвидон,4,25,284,9
Уха с песто,,,,
Люля-Кебаб из телятины,,,,
Медовик черемуховый,,,,
Щеки с картофельным пюре и томатами кимчи,,,,
Хачапури По-Аджарски,,,,
Плов Праздничный,25,7,200,8
Восточный базар,,,,
Самса с бараниной,,,,
Гречневая лапша с овощами и древесными грибами,,,,
Манты с телятиной,10,5,190,24
Запеченная дорада с томатами и соусом джонджоли,,,,
Кукурузный суп с крабом,,,,
Филе форели на мангале,,,,
Телятина с соусом из сморчков,,,,
Шашлык из лосося с картофельным пюре,,,,
Теплый салат с дорадо и соусом лабне,,,,
Шашлык куриный,,,,
Цыпленок,,,,
Цыпленок с тюфельным прюре,,,,
Греческий салат из баклажанов,,,,
Салат с цыпленком и шиитаке,,,,
Наполеон,,,,
"Боул с тофу, булгуром и авокадо",,,,
Голубцы с крабом и креветками,,,,
Чай Клубника с шалфеем,,,,
Салат мясной микс с чипсами,,,,
Восточное разнотравие,,,,